{
  "temperature": {
    "median": 25.2,
    "iqr": 1.9000000000000021,
    "std": 1.0044210943634266
  },
  "humidity": {
    "median": 50.4,
    "iqr": 6.399999999999999,
    "std": 3.1025002694530093
  },
  "light": {
    "median": 2347.5,
    "iqr": 74.0,
    "std": 72.84387025147481
  },
  "mq2": {
    "median": 2311.0,
    "iqr": 137.0,
    "std": 101.76205133730019
  },
  "mq135": {
    "median": 2652.5,
    "iqr": 104.0,
    "std": 113.14139385519387
  },
  "rms": {
    "median": 0.0027679999999999996,
    "iqr": 0.0015042500000000004,
    "std": 0.010656213644732147
  },
  "peak": {
    "median": 0.005109,
    "iqr": 0.0021202499999999997,
    "std": 0.0024128327923463757
  },
  "avgAbs": {
    "median": 0.002404,
    "iqr": 0.00140625,
    "std": 0.0012107251754478797
  }
}